TransactionDate,TransactionAmount,day_of_week,month,quarter,lag_1,lag_7,lag_30,rolling_mean_7,rolling_mean_30
2023-06-26,10827480.069999998,0,6,2,910556.43,660526.0,411403.2,2198737.9871428567,2421480.1269999994
2023-06-27,771600.96,1,6,2,10827480.069999998,825143.6799999999,511460.32999999996,2191089.0271428567,2430151.481333333
2023-06-28,20404055.72,2,6,2,771600.96,815395.55,861528.39,4989469.051428571,3081569.059
2023-06-29,518126.77,3,6,2,20404055.72,782412.16,456817.54000000004,4951713.995714285,3083612.7
2023-06-30,913234.15,4,6,2,518126.77,574700.01,686841.99,5000076.015714285,3091159.1053333334
2023-07-01,682727.0,5,7,3,913234.15,655478.01,604053.05,5003968.728571428,3093781.570333333
2023-07-02,386814.44,6,7,3,682727.0,910556.43,1056855.39,4929148.444285714,3071446.872
2023-07-03,614479.05,0,7,3,386814.44,10827480.069999998,753031.2,3470148.298571428,3066828.4669999997
2023-07-04,338574.84,1,7,3,614479.05,771600.96,722441.44,3408287.424285714,3054032.9136666665
2023-07-05,649312.06,2,7,3,338574.84,20404055.72,929216.77,586181.1871428572,3044702.756666667
2023-07-06,693859.32,3,7,3,649312.06,518126.77,897499.01,611285.8371428571,3037914.7669999995
2023-07-07,667695.74,4,7,3,693859.32,913234.15,1184832.52,576208.9214285715,3020676.8743333328
2023-07-08,459495.02,5,7,3,667695.74,682727.0,545790.5,544318.6385714286,3017800.3583333334
2023-07-09,733115.98,6,7,3,459495.02,386814.44,733455.93,593790.2871428572,3017789.026666666
2023-07-10,742634.53,0,7,3,733115.98,614479.05,10753510.29,612098.2128571429,2684093.1679999996
2023-07-11,629116.26,1,7,3,742634.53,338574.84,10605000.059999999,653604.13,2351563.7079999996
2023-07-12,413563.88,2,7,3,629116.26,649312.06,823621.64,619925.8185714285,2337895.1159999995
2023-07-13,825243.65,3,7,3,413563.88,693859.32,735052.1799999999,638695.0085714285,2340901.4983333335
2023-07-14,1055470.74,4,7,3,825243.65,667695.74,10555413.58,694091.4371428572,2024236.737
2023-07-15,638076.57,5,7,3,1055470.74,459495.02,1003873.05,719603.087142857,2012043.5210000002
2023-07-16,801551.84,6,7,3,638076.57,733115.98,459423.13,729379.6385714285,2023447.8113333331
2023-07-17,671519.71,0,7,3,801551.84,742634.53,10875110.94,719220.3785714285,1683328.1036666667
2023-07-18,465729.97,1,7,3,671519.71,629116.26,837882.97,695879.4799999999,1670923.0036666666
2023-07-19,10653608.879999999,2,7,3,465729.97,413563.88,660526.0,2158743.0514285713,2004025.7663333332
2023-07-20,1003082.54,3,7,3,10653608.879999999,825243.65,825143.6799999999,2184148.6071428573,2009957.0616666668
2023-07-21,741075.44,4,7,3,1003082.54,1055470.74,815395.55,2139234.992857143,2007479.7246666665
2023-07-22,401130.77,5,7,3,741075.44,638076.57,782412.16,2105385.5928571424,1994770.3449999997
2023-07-23,585053.25,6,7,3,401130.77,801551.84,574700.01,2074457.2228571426,1995115.4529999995
2023-07-24,742072.56,0,7,3,585053.25,671519.71,655478.01,2084536.2014285715,1998001.9379999998
2023-07-25,660066.18,1,7,3,742072.56,465729.97,910556.43,2112298.517142857,1989652.2629999998
2023-07-26,10770552.85,2,7,3,660066.18,10653608.879999999,10827480.069999998,2129004.7985714287,1987754.6889999998
2023-07-27,903499.12,3,7,3,10770552.85,1003082.54,771600.96,2114778.5957142855,1992151.294333333
2023-07-28,725256.25,4,7,3,903499.12,741075.44,20404055.72,2112518.711428571,1336191.312
2023-07-29,599919.17,5,7,3,725256.25,401130.77,518126.77,2140917.054285714,1338917.7253333332
2023-07-30,892520.6699999999,6,7,3,599919.17,585053.25,913234.15,2184840.9714285717,1338227.276
2023-07-31,925378.34,0,7,3,892520.6699999999,742072.56,682727.0,2211027.5114285713,1346315.6539999999
2023-08-01,10717648.6,1,8,3,925378.34,660066.18,386814.44,3647825.0,1690676.7926666664
2023-08-02,567496.13,2,8,3,10717648.6,10770552.85,614479.05,2190245.4685714287,1689110.6953333332
2023-08-03,672886.29,3,8,3,567496.13,903499.12,338574.84,2157300.7785714287,1700254.410333333
2023-08-04,637882.25,4,8,3,672886.29,725256.25,649312.06,2144818.7785714287,1699873.4166666667
2023-08-05,656302.28,5,8,3,637882.25,599919.17,693859.32,2152873.5085714287,1698621.5153333333
2023-08-06,716884.15,6,8,3,656302.28,892520.6699999999,667695.74,2127782.5771428575,1700261.129
2023-08-07,466790.13,0,8,3,716884.15,925378.34,459495.02,2062269.9757142856,1700504.2993333335
2023-08-08,766064.0599999999,1,8,3,466790.13,10717648.6,733115.98,640615.0414285715,1701602.5686666665
2023-08-09,720458.72,2,8,3,766064.0599999999,567496.13,742634.53,662466.84,1700863.375
2023-08-10,677639.04,3,8,3,720458.72,672886.29,629116.26,663145.8042857143,1702480.801
2023-08-11,303118.89,4,8,3,677639.04,637882.25,413563.88,615322.4671428573,1698799.3013333334
2023-08-12,1135548.42,5,8,3,303118.89,656302.28,825243.65,683786.2014285715,1709142.7936666666
2023-08-13,824195.47,6,8,3,1135548.42,716884.15,1055470.74,699116.3899999999,1701433.6179999998
2023-08-14,1007470.72,0,8,3,824195.47,466790.13,638076.57,776356.4742857143,1713746.7563333332
2023-08-15,571130.18,1,8,3,1007470.72,766064.0599999999,801551.84,748508.7771428571,1706066.0343333334
2023-08-16,769827.45,2,8,3,571130.18,720458.72,671519.71,755561.4528571429,1709342.9589999998
2023-08-17,10661347.959999999,3,8,3,769827.45,677639.04,465729.97,2181805.584285714,2049196.892
2023-08-18,378969.27,4,8,3,10661347.959999999,303118.89,10653608.879999999,2192641.352857142,1706708.905
2023-08-19,10660132.8,5,8,3,378969.27,1135548.42,1003082.54,3553296.264285714,2028610.5803333332
2023-08-20,503874.37,6,8,3,10660132.8,824195.47,741075.44,3507536.1071428573,2020703.8779999998
2023-08-21,748533.98,0,8,3,503874.37,1007470.72,401130.77,3470545.1442857147,2032283.9849999999
2023-08-22,348069.11,1,8,3,748533.98,571130.18,585053.25,3438679.277142857,2024384.5136666666
2023-08-23,801935.63,2,8,3,348069.11,769827.45,742072.56,3443266.1599999997,2026379.9493333334
2023-08-24,670139.29,3,8,3,801935.63,10661347.959999999,660066.18,2015950.6357142858,2026715.7196666668
2023-08-25,599247.1,4,8,3,670139.29,378969.27,10770552.85,2047418.8971428573,1687672.1946666664
2023-08-26,878171.0,5,8,3,599247.1,10660132.8,903499.12,649995.782857143,1686827.9239999999
2023-08-27,10443320.88,6,8,3,878171.0,503874.37,725256.25,2069916.7128571433,2010763.4116666666
2023-08-28,764660.0,0,8,3,10443320.88,748533.98,599919.17,2072220.43,2016254.7726666667
2023-08-29,523183.06,1,8,3,764660.0,348069.11,892520.6699999999,2097236.708571429,2003943.519
2023-08-30,1013373.47,2,8,3,523183.06,801935.63,925378.34,2127442.114285714,2006876.6900000002
2023-08-31,406696.08,3,8,3,1013373.47,670139.29,10717648.6,2089807.3699999999,1663178.2726666667
2023-09-01,576001.1,4,9,3,406696.08,599247.1,567496.13,2086486.5128571428,1663461.7716666667
2023-09-02,10731840.2,5,9,3,576001.1,878171.0,672886.29,3494153.541428571,1998760.2353333335
2023-09-03,10450159.870000001,6,9,3,10731840.2,10443320.88,637882.25,3495130.54,2325836.1560000004
2023-09-04,639556.5800000001,0,9,3,10450159.870000001,764660.0,656302.28,3477258.6228571427,2325277.966
2023-09-05,835524.65,1,9,3,639556.5800000001,523183.06,716884.15,3521878.85,2329232.649333333
2023-09-06,916955.94,2,9,3,835524.65,1013373.47,466790.13,3508104.917142857,2344238.176333333
2023-09-07,728957.4,3,9,3,916955.94,406696.08,766064.0599999999,3554142.2485714285,2343001.2876666663
2023-09-08,10817805.61,4,9,3,728957.4,576001.1,720458.72,5017257.178571428,2679579.5173333334
2023-09-09,534509.97,5,9,3,10817805.61,10731840.2,677639.04,3560495.717142857,2674808.5483333333
2023-09-10,751263.56,6,9,3,534509.97,10450159.870000001,303118.89,2174939.101428571,2689746.7040000004
2023-09-11,654445.35,0,9,3,751263.56,639556.5800000001,1135548.42,2177066.0685714283,2673709.935
2023-09-12,427886.78,1,9,3,654445.35,835524.65,824195.47,2118832.087142857,2660499.6453333334
2023-09-13,665655.19,2,9,3,427886.78,916955.94,1007470.72,2082931.9799999997,2649105.794333333
2023-09-14,798045.3200000001,3,9,3,665655.19,728957.4,571130.18,2092801.6828571425,2656669.632333333
2023-09-15,792401.1,4,9,3,798045.3200000001,10817805.61,769827.45,660601.0385714283,2657422.087333333
2023-09-16,508941.32,5,9,3,792401.1,534509.97,10661347.959999999,656948.374285714,2319008.532666667
2023-09-17,873518.8,6,9,3,508941.32,751263.56,378969.27,674413.4085714283,2335493.517
2023-09-18,816220.73,0,9,3,873518.8,654445.35,10660132.8,697524.1771428569,2007363.1146666666
2023-09-19,532630.99,1,9,3,816220.73,427886.78,503874.37,712487.6357142854,2008321.6686666668
2023-09-20,544070.12,2,9,3,532630.99,665655.19,748533.98,695118.3399999999,2001506.2066666665
2023-09-21,938806.85,3,9,3,544070.12,798045.3200000001,348069.11,715227.1299999998,2021197.4646666667
2023-09-22,506034.66,4,9,3,938806.85,792401.1,801935.63,674317.6385714284,2011334.099
2023-09-23,1009086.56,5,9,3,506034.66,508941.32,670139.29,745766.9585714283,2022632.3413333332
2023-09-24,684051.93,6,9,3,1009086.56,873518.8,599247.1,718700.2628571427,2025459.169
2023-09-25,10513684.67,0,9,3,684051.93,816220.73,878171.0,2104052.254285714,2346642.958
2023-09-26,1002075.37,1,9,3,10513684.67,532630.99,10443320.88,2171115.7371428567,2031934.7743333334
2023-09-27,514431.36,2,9,3,1002075.37,544070.12,764660.0,2166881.628571429,2023593.8196666667
2023-09-28,574592.42,3,9,3,514431.36,938806.85,523183.06,2114850.995714286,2025307.4649999999
2023-09-29,959687.72,4,9,3,574592.42,506034.66,1013373.47,2179658.5757142855,2023517.9400000002
2023-09-30,10508443.27,5,9,3,959687.72,1009086.56,406696.08,3536709.534285714,2360242.8463333333
2023-10-01,562051.41,6,10,4,10508443.27,684051.93,576001.1,3519280.8885714286,2359777.8566666665
2023-10-02,399399.24,0,10,4,562051.41,10513684.67,10731840.2,2074382.97,2015363.158
2023-10-03,10911090.12,1,10,4,399399.24,1002075.37,10450159.870000001,3489956.5057142857,2030727.4996666664
2023-10-04,820134.26,2,10,4,10911090.12,514431.36,639556.5800000001,3533628.3485714286,2036746.7556666667
2023-10-05,722737.26,3,10,4,820134.26,574592.42,835524.65,3554791.897142857,2032987.176
2023-10-06,581333.23,4,10,4,722737.26,959687.72,916955.94,3500741.2557142857,2021799.752333333
2023-10-07,413080.84,5,10,4,581333.23,10508443.27,728957.4,2058546.6228571427,2011270.5336666666
2023-10-08,974249.23,6,10,4,413080.84,562051.41,10817805.61,2117432.0257142857,1683151.9876666665
2023-10-09,473138.36,0,10,4,974249.23,399399.24,534509.97,2127966.1857142854,1681106.2673333334
2023-10-10,464445.43,1,10,4,473138.36,10911090.12,751263.56,635588.3728571429,1671545.663
2023-10-11,677982.88,2,10,4,464445.43,820134.26,654445.35,615281.032857143,1672330.2473333331
2023-10-12,10763485.92,3,10,4,677982.88,722737.26,427886.78,2049673.6985714287,2016850.2186666667
2023-10-13,275951.43,4,10,4,10763485.92,581333.23,665655.19,2006047.7271428572,2003860.0933333333
2023-10-14,648840.91,5,10,4,275951.43,413080.84,798045.3200000001,2039727.7371428572,1998886.6130000001
2023-10-15,10601140.67,6,10,4,648840.91,974249.23,792401.1,3414997.942857143,2325844.5986666665
2023-10-16,524278.43,0,10,4,10601140.67,473138.36,508941.32,3422303.6671428573,2326355.8356666667
2023-10-17,726757.19,1,10,4,524278.43,464445.43,873518.8,3459776.7757142857,2321463.782
2023-10-18,653525.48,2,10,4,726757.19,677982.88,816220.73,3456282.8614285714,2316040.6070000003
2023-10-19,708127.8,3,10,4,653525.48,10763485.92,532630.99,2019803.1300000001,2321890.5006666663
2023-10-20,899048.81,4,10,4,708127.8,275951.43,544070.12,2108817.041428571,2333723.123666667
2023-10-21,729674.5,5,10,4,899048.81,648840.91,938806.85,2120364.697142857,2326752.0453333333
2023-10-22,714099.14,6,10,4,729674.5,10601140.67,506034.66,707930.1928571428,2333687.528
2023-10-23,637441.3,0,10,4,714099.14,524278.43,1009086.56,724096.3171428572,2321299.3526666667
2023-10-24,491115.21,1,10,4,637441.3,726757.19,684051.93,690433.1771428572,2314868.128666667
2023-10-25,574095.24,2,10,4,491115.21,653525.48,10513684.67,679086.0,1983548.481
2023-10-26,778923.51,3,10,4,574095.24,708127.8,1002075.37,689199.6728571429,1976110.0856666665
2023-10-27,632829.85,4,10,4,778923.51,899048.81,514431.36,651168.3928571428,1980056.7019999998
2023-10-28,806807.0,5,10,4,632829.85,729674.5,574592.42,662187.3214285715,1987797.188
2023-10-29,590593.44,6,10,4,806807.0,714099.14,959687.72,644543.65,1975494.045333333
2023-10-30,642842.89,0,10,4,590593.44,637441.3,10508443.27,645315.3057142858,1646640.6993333332
2023-10-31,233194.24999999997,1,10,4,642842.89,491115.21,562051.41,608469.4542857142,1635678.794
2023-11-01,722374.38,2,11,4,233194.24999999997,574095.24,399399.24,629652.1885714286,1646444.632
2023-11-02,751570.43,3,11,4,722374.38,778923.51,10911090.12,625744.6057142857,1307793.9756666669
2023-11-03,692582.22,4,11,4,751570.43,632829.85,820134.26,634280.6585714286,1303542.241
2023-11-04,525860.84,5,11,4,692582.22,806807.0,722737.26,594145.4928571429,1296979.6936666667
2023-11-05,10726791.15,6,11,4,525860.84,590593.44,581333.23,2042173.7371428572,1635161.6243333332
2023-11-06,943704.98,0,11,4,10726791.15,642842.89,413080.84,2085154.0357142857,1652849.0956666665
2023-11-07,10361606.24,1,11,4,943704.98,233194.24999999997,974249.23,3532070.0342857144,1965760.996
2023-11-08,880528.37,2,11,4,10361606.24,722374.38,473138.36,3554663.4614285715,1979340.663
2023-11-09,399161.62,3,11,4,880528.37,751570.43,464445.43,3504319.345714286,1977164.5359999998
2023-11-10,975023.46,4,11,4,399161.62,692582.22,677982.88,3544668.0942857144,1987065.8886666668
2023-11-11,722771.15,5,11,4,975023.46,525860.84,10763485.92,3572798.1385714286,1652375.3963333333
2023-11-12,520653.13,6,11,4,722771.15,10726791.15,275951.43,2114778.4214285715,1660532.1196666667
2023-11-13,285987.03,0,11,4,520653.13,943704.98,648840.91,2020818.7142857143,1648436.9903333334
2023-11-14,673579.84,1,11,4,285987.03,10361606.24,10601140.67,636814.9428571428,1317518.296
2023-11-15,512561.81,2,11,4,673579.84,880528.37,524278.43,584248.2914285715,1317127.742
2023-11-16,700691.37,3,11,4,512561.81,399161.62,726757.19,627323.97,1316258.8813333332
2023-11-17,10750053.770000001,4,11,4,700691.37,975023.46,653525.48,2023756.8714285716,1652809.8243333334
2023-11-18,570773.35,5,11,4,10750053.770000001,722771.15,708127.8,2002042.9000000001,1648231.342666667
2023-11-19,10503353.98,6,11,4,570773.35,520653.13,899048.81,3428143.0214285715,1968374.8483333334
2023-11-20,741747.0800000001,0,11,4,10503353.98,285987.03,729674.5,3493251.6000000006,1968777.2676666668
2023-11-21,545182.33,1,11,4,741747.0800000001,673579.84,714099.14,3474909.0985714286,1963146.7073333333
2023-11-22,803538.92,2,11,4,545182.33,512561.81,637441.3,3516477.2571428576,1968683.2946666668
2023-11-23,544607.4,3,11,4,803538.92,700691.37,491115.21,3494179.547142857,1970466.3676666666
2023-11-24,619587.6900000001,4,11,4,544607.4,10750053.770000001,574095.24,2046970.107142857,1971982.782666667
2023-11-25,629559.24,5,11,4,619587.6900000001,570773.35,778923.51,2055368.0914285716,1967003.973666667
2023-11-26,596182.22,6,11,4,629559.24,10503353.98,632829.85,640057.84,1965782.3860000002
2023-11-27,671439.87,0,11,4,596182.22,741747.0800000001,806807.0,630013.9528571429,1961270.1483333334
2023-11-28,823476.95,1,11,4,671439.87,545182.33,590593.44,669770.3271428571,1969032.9320000003
2023-11-29,1134056.6,2,11,4,823476.95,803538.92,642842.89,716987.1385714287,1985406.7223333335
2023-11-30,530007.16,3,11,4,1134056.6,544607.4,233194.24999999997,714901.3899999999,1995300.4860000003
2023-12-01,835769.8,4,12,4,530007.16,619587.6900000001,722374.38,745784.5485714286,1999080.3333333333
2023-12-02,10620524.76,5,12,4,835769.8,629559.24,751570.43,2173065.3371428573,2328045.4776666667
2023-12-03,571179.85,6,12,4,10620524.76,596182.22,692582.22,2169493.57,2323998.7320000003
2023-12-04,590625.56,0,12,4,571179.85,671439.87,525860.84,2157948.668571429,2326157.556
2023-12-05,1072315.46,1,12,4,590625.56,823476.95,10726791.15,2193497.027142857,2004341.6996666668
2023-12-06,1203852.07,2,12,4,1072315.46,1134056.6,943704.98,2203467.8085714285,2013013.2693333335
2023-12-07,758383.9400000001,3,12,4,1203852.07,530007.16,10361606.24,2236093.062857143,1692905.8593333333
2023-12-08,616454.02,4,12,4,758383.9400000001,835769.8,880528.37,2204762.2371428576,1684103.381
2023-12-09,629380.77,5,12,4,616454.02,10620524.76,399161.62,777455.9528571431,1691777.3526666665
2023-12-10,473986.44,6,12,4,629380.77,571179.85,975023.46,763571.1800000004,1675076.1186666668
2023-12-11,370396.51,0,12,4,473986.44,590625.56,722771.15,732109.8871428574,1663330.2973333334
2023-12-12,319458.44,1,12,4,370396.51,1072315.46,520653.13,624558.8842857146,1656623.8076666666
2023-12-13,962213.31,2,12,4,319458.44,1203852.07,285987.03,590039.0614285717,1679164.6836666665
2023-12-14,295939.22000000003,3,12,4,962213.31,758383.9400000001,673579.84,523975.53000000026,1666576.663
2023-12-15,600198.51,4,12,4,295939.22000000003,616454.02,512561.81,521653.3142857146,1669497.886333333
2023-12-16,791201.56,5,12,4,600198.51,629380.77,700691.37,544770.5700000003,1672514.8926666668
2023-12-17,10514058.19,6,12,4,791201.56,473986.44,10750053.770000001,1979066.5342857146,1664648.3733333333
2023-12-18,667047.9299999999,0,12,4,10514058.19,370396.51,570773.35,2021445.3085714288,1667857.5259999998
2023-12-19,480403.14,1,12,4,667047.9299999999,319458.44,10503353.98,2044437.408571429,1333759.1646666666
2023-12-20,693244.51,2,12,4,480403.14,962213.31,741747.0800000001,2006013.2942857146,1332142.4123333332
2023-12-21,10822922.48,3,12,4,693244.51,295939.22000000003,545182.33,3509868.0457142857,1674733.7506666668
2023-12-22,830279.66,4,12,4,10822922.48,600198.51,803538.92,3542736.781428572,1675625.1086666666
2023-12-23,479957.13,5,12,4,830279.66,791201.56,544607.4,3498273.291428572,1673470.0996666667
2023-12-24,894669.9,6,12,4,479957.13,10514058.19,619587.6900000001,2124074.9642857146,1682639.5066666666
2023-12-25,570771.88,0,12,4,894669.9,667047.9299999999,629559.24,2110321.2428571433,1680679.9279999998
2023-12-26,1001076.95,1,12,4,570771.88,480403.14,596182.22,2184703.215714286,1694176.419
2023-12-27,11063381.08,2,12,4,1001076.95,693244.51,671439.87,3666151.297142857,2040574.4593333334
2023-12-28,489650.55,3,12,4,11063381.08,10822922.48,823476.95,2189969.5928571434,2029446.9126666666
2023-12-29,612022.29,4,12,4,489650.55,830279.66,1134056.6,2158789.9685714287,2012045.769
2023-12-30,647863.8300000001,5,12,4,612022.29,479957.13,530007.16,2182776.64,2015974.3246666668
2023-12-31,808507.91,6,12,4,647863.8300000001,894669.9,835769.8,2170467.7842857144,2015065.595
2024-01-01,10849791.799999999,0,1,1,808507.91,570771.88,10620524.76,3638899.2014285713,2022707.8296666667
2024-01-02,549659.33,1,1,1,10849791.799999999,1001076.95,571179.85,3574410.9699999997,2021990.4789999998
2024-01-03,618777.59,2,1,1,549659.33,11063381.08,590625.56,2082324.7571428572,2022928.88
2024-01-04,10727780.2,3,1,1,618777.59,489650.55,1072315.46,3544914.707142857,2344777.7046666667
2024-01-05,10718543.030000001,4,1,1,10727780.2,612022.29,1203852.07,4988703.384285714,2661934.0700000003
2024-01-06,495488.99,5,1,1,10718543.030000001,647863.8300000001,758383.9400000001,4966935.55,2653170.905
2024-01-07,10865006.030000001,6,1,1,495488.99,808507.91,616454.02,6403578.138571428,2994789.305333333
2024-01-08,502705.24,0,1,1,10865006.030000001,10849791.799999999,629380.77,4925422.915714286,2990566.7876666663
2024-01-09,805429.6,1,1,1,502705.24,549659.33,473986.44,4961961.525714287,3001614.893
2024-01-10,10521287.03,2,1,1,805429.6,618777.59,370396.51,6376605.731428572,3339977.9103333335
2024-01-11,291866.95999999996,3,1,1,10521287.03,10727780.2,319458.44,4885760.9828571435,3339058.194333333
2024-01-12,459424.2,4,1,1,291866.95999999996,10718543.030000001,962213.31,3420172.578571429,3322298.5573333334
2024-01-13,538614.79,5,1,1,459424.2,495488.99,295939.22000000003,3426333.4071428576,3330387.7430000002
2024-01-14,801351.28,6,1,1,538614.79,10865006.030000001,600198.51,1988668.442857143,3337092.835333333
2024-01-15,808021.5,0,1,1,801351.28,502705.24,791201.56,2032285.0514285716,3337653.4999999995
2024-01-16,669110.37,1,1,1,808021.5,805429.6,10514058.19,2012810.8757142858,3009488.5726666665
2024-01-17,361233.76,2,1,1,669110.37,10521287.03,667047.9299999999,561374.6942857145,2999294.767
2024-01-18,731968.1,3,1,1,361233.76,291866.95999999996,480403.14,624246.285714286,3007680.2656666664
2024-01-19,793159.88,4,1,1,731968.1,459424.2,693244.51,671922.8114285717,3011010.778
2024-01-20,721330.13,5,1,1,793159.88,538614.79,10822922.48,698025.0028571431,2674291.0330000003
2024-01-21,414998.27999999997,6,1,1,721330.13,801351.28,830279.66,642831.7171428574,2660448.320333333
2024-01-22,754470.36,0,1,1,414998.27999999997,808021.5,479957.13,635181.5542857145,2669598.7613333333
2024-01-23,618739.52,1,1,1,754470.36,669110.37,894669.9,627985.7185714288,2660401.082
2024-01-24,585792.85,2,1,1,618739.52,361233.76,570771.88,660065.5885714289,2660901.781
2024-01-25,822834.83,3,1,1,585792.85,731968.1,1001076.95,673046.5500000002,2654960.377
2024-01-26,455051.94,4,1,1,822834.83,793159.88,11063381.08,624745.415714286,2301349.4056666666
2024-01-27,10439692.75,5,1,1,455051.94,721330.13,489650.55,2013082.932857143,2633017.4790000003
2024-01-28,630539.39,6,1,1,10439692.75,414998.27999999997,612022.29,2043874.5200000003,2633634.7156666666
2024-01-29,503057.51,0,1,1,630539.39,754470.36,647863.8300000001,2007958.3985714286,2628807.838333333
2024-01-30,822488.61,1,1,1,503057.51,618739.52,808507.91,2037065.4114285714,2629273.8616666663
2024-01-31,10719426.14,2,1,1,822488.61,585792.85,10849791.799999999,3484727.31,2624928.3396666665
2024-02-01,515708.22,3,2,1,10719426.14,822834.83,549659.33,3440852.0799999996,2623796.636
2024-02-02,515992.92,4,2,1,515708.22,455051.94,618777.59,3449557.9342857148,2620370.4803333334
2024-02-03,762240.19,5,2,1,515992.92,10439692.75,10727780.2,2067064.7114285717,2288185.813333333
2024-02-04,545149.38,6,2,1,762240.19,630539.39,10718543.030000001,2054866.1385714286,1949072.6916666667
2024-02-05,322406.51999999996,0,2,1,545149.38,503057.51,495488.99,2029058.8542857147,1943303.276
2024-02-06,355432.86,1,2,1,322406.51999999996,822488.61,10865006.030000001,1962336.6042857147,1592984.1703333333
2024-02-07,838264.11,2,2,1,355432.86,10719426.14,502705.24,550742.0285714288,1604169.4659999998
2024-02-08,1039973.1,3,2,1,838264.11,515708.22,805429.6,625637.0114285715,1611987.5826666665
2024-02-09,756493.67,4,2,1,1039973.1,515992.92,10521287.03,659994.2614285717,1286494.4706666667
2024-02-10,1183453.1099999999,5,2,1,756493.67,762240.19,291866.95999999996,720167.535714286,1316214.009
2024-02-11,638874.31,6,2,1,1183453.1099999999,545149.38,459424.2,733556.8114285717,1322195.6793333334
2024-02-12,787505.8300000001,0,2,1,638874.31,322406.51999999996,538614.79,799999.5700000003,1330492.0473333334
2024-02-13,373856.52,1,2,1,787505.8300000001,355432.86,801351.28,802631.5214285718,1316242.2219999998
2024-02-14,634119.57,2,2,1,373856.52,838264.11,808021.5,773468.015714286,1310445.491
2024-02-15,765559.47,3,2,1,634119.57,1039973.1,669110.37,734266.0685714289,1313660.4610000001
2024-02-16,10808423.469999999,4,2,1,765559.47,756493.67,361233.76,2170256.04,1661900.1179999998
2024-02-17,721983.51,5,2,1,10808423.469999999,1183453.1099999999,731968.1,2104331.8114285716,1661567.2983333333
2024-02-18,548800.5599999999,6,2,1,721983.51,638874.31,793159.88,2091464.1328571432,1653421.9876666665
2024-02-19,567458.05,0,2,1,548800.5599999999,787505.8300000001,721330.13,2060028.7357142859,1648292.9183333332
2024-02-20,313809.98,1,2,1,567458.05,373856.52,414998.27999999997,2051450.6585714284,1644919.975
2024-02-21,10618054.11,2,2,1,313809.98,634119.57,754470.36,3477727.021428571,1973706.0999999999
2024-02-22,827838.11,3,2,1,10618054.11,765559.47,618739.52,3486623.97,1980676.0529999998
2024-02-23,547467.42,4,2,1,827838.11,10808423.469999999,585792.85,2020773.1057142857,1979398.5386666665
2024-02-24,350501.07,5,2,1,547467.42,721983.51,822834.83,1967704.1857142858,1963654.0799999998
2024-02-25,470271.87,6,2,1,350501.07,548800.5599999999,455051.94,1956485.8014285716,1964161.4109999998
2024-02-26,543186.25,0,2,1,470271.87,567458.05,10439692.75,1953018.4014285717,1634277.861
2024-02-27,632185.78,1,2,1,543186.25,313809.98,630539.39,1998500.6585714289,1634332.7406666665
2024-02-28,715758.46,2,2,1,632185.78,10618054.11,503057.51,583886.9942857146,1641422.772333333
2024-02-29,10718734.569999998,3,2,1,715758.46,827838.11,822488.61,1996872.2028571428,1971297.6376666664
2024-03-01,899111.38,4,3,1,10718734.569999998,547467.42,10719426.14,2047107.0542857144,1643953.8123333333
2024-03-02,694350.6,5,3,1,899111.38,350501.07,515708.22,2096228.4157142858,1649908.558333333
2024-03-03,10710910.04,6,3,1,694350.6,470271.87,515992.92,3559176.7257142854,1989739.1289999997
2024-03-04,10963355.84,0,3,1,10710910.04,543186.25,762240.19,5047772.381428571,2329776.317333333
2024-03-05,808411.83,1,3,1,10963355.84,632185.78,545149.38,5072947.531428571,2338551.732333333
2024-03-06,366335.61,2,3,1,808411.83,715758.46,322406.51999999996,5023029.981428571,2340016.035333333
2024-03-07,426826.60000000003,3,3,1,366335.61,10718734.569999998,355432.86,3552757.4142857147,2342395.8266666667
2024-03-08,702689.39,4,3,1,426826.60000000003,899111.38,838264.11,3524697.1300000004,2337876.669333333
2024-03-09,342249.49,5,3,1,702689.39,694350.6,1039973.1,3474396.9714285717,2314619.2156666666
2024-03-10,20924685.099999998,6,3,1,342249.49,10710910.04,756493.67,4933507.694285714,2986892.263333333
2024-03-11,915919.92,0,3,1,20924685.099999998,10963355.84,1183453.1099999999,3498159.705714286,2977974.490333333
2024-03-12,731838.46,1,3,1,915919.92,808411.83,638874.31,3487220.652857143,2981073.295333333
2024-03-13,20905305.57,2,3,1,731838.46,366335.61,787505.8300000001,6421359.218571429,3651666.6199999996
2024-03-14,800476.11,3,3,1,20905305.57,426826.60000000003,373856.52,6474737.72,3665887.273
2024-03-15,639909.09,4,3,1,800476.11,702689.39,634119.57,6465769.105714285,3666080.2569999998
2024-03-16,10694207.01,5,3,1,639909.09,342249.49,765559.47,7944620.18,3997035.1749999993
2024-03-17,866338.68,6,3,1,10694207.01,20924685.099999998,10808423.469999999,5079142.119999999,3665632.3486666665
2024-03-18,454856.87,0,3,1,866338.68,915919.92,721983.51,5013275.97,3656728.1273333333
2024-03-19,20675392.479999997,1,3,1,454856.87,731838.46,548800.5599999999,7862355.115714284,4327614.524666666
2024-03-20,11053103.95,2,3,1,20675392.479999997,20905305.57,567458.05,6454897.741428571,4677136.054666666
2024-03-21,753301.4600000001,3,3,1,11053103.95,800476.11,313809.98,6448158.505714284,4691785.770666665
2024-03-22,1169781.72,4,3,1,753301.4600000001,639909.09,10618054.11,6523854.595714285,4376843.357666667
2024-03-23,527174.9,5,3,1,1169781.72,10694207.01,827838.11,5071421.437142856,4366821.250666667
2024-03-24,602984.73,6,3,1,527174.9,866338.68,547467.42,5033799.444285714,4368671.827666666
2024-03-25,10772887.82,0,3,1,602984.73,454856.87,350501.07,6507803.865714285,4716084.719333333
2024-03-26,328679.69,1,3,1,10772887.82,20675392.479999997,470271.87,3601130.61,4711364.9799999995
2024-03-27,10868025.53,2,3,1,328679.69,11053103.95,543186.25,3574690.8357142857,5055526.289333332
2024-03-28,600763.25,3,3,1,10868025.53,753301.4600000001,632185.78,3552899.6628571427,5054478.871666666
2024-03-29,826191.8,4,3,1,600763.25,1169781.72,715758.46,3503815.3885714286,5058159.983
2024-03-30,1212773.9,5,3,1,826191.8,527174.9,10718734.569999998,3601758.1028571427,4741294.627333333
2024-03-31,399083.09,6,3,1,1212773.9,602984.73,899111.38,3572629.297142857,4724627.017666666
2024-04-01,776079.21,0,4,2,399083.09,10772887.82,694350.6,2144513.7814285713,4727351.304666666
2024-04-02,723312.4,1,4,2,776079.21,328679.69,10710910.04,2200889.882857143,4394431.383333333
2024-04-03,729462.57,2,4,2,723312.4,10868025.53,10963355.84,752523.7457142856,4053301.607666666
2024-04-04,651054.64,3,4,2,729462.57,600763.25,808411.83,759708.2300000001,4048056.368
2024-04-05,1219857.81,4,4,2,651054.64,826191.8,366335.61,815946.2314285714,4076507.108
2024-04-06,1140187.91,5,4,2,1219857.81,1212773.9,426826.60000000003,805576.8042857143,4100285.818333333
2024-04-07,733309.3200000001,6,4,2,1140187.91,399083.09,702689.39,853323.4085714285,4101306.4826666657
2024-04-08,672787.14,0,4,2,733309.3200000001,776079.21,342249.49,838567.3985714286,4112324.4043333326
2024-04-09,933800.94,1,4,2,672787.14,723312.4,20924685.099999998,868637.1899999998,3445961.599
2024-04-10,10464022.53,2,4,2,933800.94,729462.57,915919.92,2259288.612857143,3764231.6859999993
2024-04-11,562871.37,3,4,2,10464022.53,651054.64,731838.46,2246691.0028571426,3758599.4496666663
2024-04-12,513857.1,4,4,2,562871.37,1219857.81,20905305.57,2145833.7585714282,3078884.5006666663
2024-04-13,400555.36,5,4,2,513857.1,1140187.91,800476.11,2040171.9657142856,3065553.809
2024-04-14,586870.59,6,4,2,400555.36,733309.3200000001,639909.09,2019252.147142857,3063785.8589999992
2024-04-15,692775.55,0,4,2,586870.59,672787.14,10694207.01,2022107.6342857142,2730404.8103333334
2024-04-16,702797.08,1,4,2,692775.55,933800.94,866338.68,1989107.082857143,2724953.4236666663
2024-04-17,467512.13,2,4,2,702797.08,10464022.53,454856.87,561034.1685714285,2725375.2656666664
2024-04-18,20930120.97,3,4,2,467512.13,562871.37,20675392.479999997,3470641.254285714,2733866.2153333332
2024-04-19,937235.47,4,4,2,20930120.97,513857.1,11053103.95,3531123.878571428,2396670.599333333
2024-04-20,594575.26,5,4,2,937235.47,400555.36,753301.4600000001,3558841.0071428567,2391379.7260000003
2024-04-21,10650112.34,6,4,2,594575.26,586870.59,1169781.72,4996446.971428571,2707390.746666667
2024-04-22,602572.54,0,4,2,10650112.34,692775.55,527174.9,4983560.827142857,2709904.001333333
2024-04-23,10646131.59,1,4,2,602572.54,702797.08,602984.73,6404037.185714285,3044675.5633333335
2024-04-24,940136.47,2,4,2,10646131.59,467512.13,10772887.82,6471554.948571429,2716917.185
2024-04-25,758092.11,3,4,2,940136.47,20930120.97,328679.69,3589836.5399999996,2731230.9323333334
2024-04-26,1061132.96,4,4,2,758092.11,937235.47,10868025.53,3607536.181428571,2404334.513333333
2024-04-27,489362.05,5,4,2,1061132.96,594575.26,600763.25,3592505.722857143,2400621.14
2024-04-28,740103.7,6,4,2,489362.05,10650112.34,826191.8,2176790.202857143,2397751.5366666666
2024-04-29,1027824.52,0,4,2,740103.7,602572.54,1212773.9,2237540.4857142856,2391586.5573333334
2024-04-30,549334.11,1,4,2,1027824.52,10646131.59,399083.09,795140.8457142857,2396594.924666667
2024-05-01,1132433.81,2,5,2,549334.11,940136.47,776079.21,822611.8942857143,2408473.411333333
2024-05-02,932011.41,3,5,2,1132433.81,758092.11,723312.4,847457.5085714285,2415430.0450000004
2024-05-03,402215.78,4,5,2,932011.41,1061132.96,729462.57,753326.4828571428,2404521.8186666667
2024-05-04,811539.35,5,5,2,402215.78,489362.05,651054.64,799351.8114285714,2409871.309
2024-05-05,437394.27999999997,6,5,2,811539.35,740103.7,1219857.81,756107.6085714286,2383789.191333333
2024-05-06,642605.2,0,5,2,437394.27999999997,1027824.52,1140187.91,701076.2771428572,2367203.1010000003
2024-05-07,633752.67,1,5,2,642605.2,549334.11,733309.3200000001,713136.0714285715,2363884.5460000006
2024-05-08,884765.11,2,5,2,633752.67,1132433.81,672787.14,677754.8285714285,2370950.4783333335
2024-05-09,1032228.35,3,5,2,884765.11,932011.41,933800.94,692071.5342857143,2374231.3919999995
2024-05-10,850018.5,4,5,2,1032228.35,402215.78,10464022.53,756043.3514285714,2053764.5909999998
2024-05-11,11213366.67,5,5,2,850018.5,811539.35,562871.37,2242018.682857143,2408781.1010000003
2024-05-12,514844.45,6,5,2,11213366.67,437394.27999999997,513857.1,2253082.992857143,2408814.0126666664
2024-05-13,948540.2,0,5,2,514844.45,642605.2,400555.36,2296787.992857143,2427080.174
2024-05-14,719757.74,1,5,2,948540.2,633752.67,586870.59,2309074.431428571,2431509.745666667
2024-05-15,583734.55,2,5,2,719757.74,884765.11,692775.55,2266070.0657142857,2427875.0456666662
2024-05-16,1101825.09,3,5,2,583734.55,1032228.35,702797.08,2276012.457142857,2441175.979333333
2024-05-17,830262.4,4,5,2,1101825.09,850018.5,467512.13,2273190.157142857,2453267.6550000003
2024-05-18,973155.72,5,5,2,830262.4,11213366.67,20930120.97,810302.8785714286,1788035.48
2024-05-19,738724.16,6,5,2,973155.72,514844.45,937235.47,842285.6942857142,1781418.4363333334
2024-05-20,770206.98,0,5,2,738724.16,948540.2,594575.26,816809.5200000001,1787272.827
2024-05-21,532634.99,1,5,2,770206.98,719757.74,10650112.34,790077.6985714287,1450023.582
2024-05-22,359470.12,2,5,2,532634.99,583734.55,602572.54,758039.9228571429,1441920.168
2024-05-23,822793.31,3,5,2,359470.12,1101825.09,10646131.59,718178.24,1114475.5586666667
2024-05-24,832280.03,4,5,2,822793.31,830262.4,940136.47,718466.4728571429,1110880.344
2024-05-25,671978.08,5,5,2,832280.03,973155.72,758092.11,675441.0957142857,1108009.8763333333
2024-05-26,10917888.7,6,5,2,671978.08,738724.16,1061132.96,2129607.4585714284,1436568.401
2024-05-27,525318.25,0,5,2,10917888.7,770206.98,489362.05,2094623.354285714,1437766.9409999999
2024-05-28,752863.83,1,5,2,525318.25,532634.99,740103.7,2126084.617142857,1438192.2786666667
2024-05-29,422330.94,2,5,2,752863.83,359470.12,1027824.52,2135064.734285714,1418009.1593333334
2024-05-30,20261803.509999998,3,5,2,422330.94,822793.31,549334.11,4912066.191428571,2075091.4726666664
2024-05-31,782871.16,4,5,2,20261803.509999998,832280.03,1132433.81,4905007.78142857,2063439.3843333335
2024-06-01,360444.1,5,6,2,782871.16,671978.08,932011.41,4860502.927142857,2044387.1406666667
2024-06-02,949145.11,6,6,2,360444.1,10917888.7,402215.78,3436396.6999999997,2062618.1183333332
2024-06-03,848109.45,0,6,2,949145.11,525318.25,811539.35,3482509.7285714285,2063837.1216666664
2024-06-04,710309.2,1,6,2,848109.45,752863.83,437394.27999999997,3476430.4957142854,2072934.2856666667
2024-06-05,417093.92,2,6,2,710309.2,422330.94,642605.2,3475682.35,2065417.243
2024-06-06,567108.28,3,6,2,417093.92,20261803.509999998,633752.67,662154.46,2063195.7633333332
2024-06-07,791063.78,4,6,2,567108.28,782871.16,884765.11,663324.8342857143,2060072.3856666663
2024-06-08,731863.6699999999,5,6,2,791063.78,360444.1,1032228.35,716384.7728571428,2050060.2296666664
2024-06-09,745048.92,6,6,2,731863.6699999999,949145.11,850018.5,687228.1742857143,2046561.2436666666
2024-06-10,720842.48,0,6,2,745048.92,848109.45,11213366.67,669047.1785714285,1696810.4373333333
2024-06-11,10678631.200000001,1,6,2,720842.48,710309.2,514844.45,2093093.1785714286,2035603.329
2024-06-12,10622382.77,2,6,2,10678631.200000001,417093.92,948540.2,3550991.5857142857,2358064.748
2024-06-13,628477.2000000001,3,6,2,10622382.77,567108.28,719757.74,3559758.5742857144,2355022.0633333335
2024-06-14,876741.73,4,6,2,628477.2000000001,791063.78,583734.55,3571998.281428572,2364788.9693333334
2024-06-15,805495.24,5,6,2,876741.73,731863.6699999999,1101825.09,3582517.0771428575,2354911.307666667
2024-06-16,432223.01,6,6,2,805495.24,745048.92,830262.4,3537827.6614285717,2341643.3279999997
2024-06-17,568861.55,0,6,2,432223.01,720842.48,973155.72,3516116.1000000006,2328166.8556666668
2024-06-18,630423.8,1,6,2,568861.55,10678631.200000001,738724.16,2080657.9,2324556.8436666667
2024-06-19,533835.0700000001,2,6,2,630423.8,10622382.77,770206.98,639436.8,2316677.78
2024-06-20,503177.39999999997,3,6,2,533835.0700000001,628477.2000000001,532634.99,621536.8285714285,2315695.8603333333
2024-06-21,767549.3099999999,4,6,2,503177.39999999997,876741.73,359470.12,605937.9114285714,2329298.5
2024-06-22,705744.31,5,6,2,767549.3099999999,805495.24,822793.31,591687.7785714286,2325396.8666666667
2024-06-23,924924.81,6,6,2,705744.31,432223.01,832280.03,662073.75,2328485.0259999996
2024-06-24,11069659.360000001,0,6,2,924924.81,568861.55,671978.08,2162187.7228571433,2675074.4020000002
2024-06-25,660557.72,1,6,2,11069659.360000001,630423.8,10917888.7,2166492.568571429,2333163.369333334
2024-06-26,656264.92,2,6,2,660557.72,533835.0700000001,525318.25,2183982.547142857,2337528.2583333333
2024-06-27,522621.83999999997,3,6,2,656264.92,503177.39999999997,752863.83,2186760.3242857144,2329853.525333333
2024-06-28,961471.1,4,6,2,522621.83999999997,767549.3099999999,422330.94,2214463.4371428574,2347824.864
2024-06-29,10563451.86,5,6,2,961471.1,705744.31,20261803.509999998,3622707.3728571427,2024546.4756666669
2024-06-30,594357.92,6,6,2,10563451.86,924924.81,782871.16,3575483.531428572,2018262.7010000001
2024-07-01,884975.83,0,7,3,594357.92,11069659.360000001,360444.1,2120528.7414285713,2035747.092
2024-07-02,584701.34,1,7,3,884975.83,660557.72,949145.11,2109692.115714285,2023598.9663333334
2024-07-03,404942.36,2,7,3,584701.34,656264.92,848109.45,2073788.8928571423,2008826.7300000002
2024-07-04,403231.58,3,7,3,404942.36,522621.83999999997,710309.2,2056733.141428571,1998590.8093333333
2024-07-05,10445843.510000002,4,7,3,403231.58,961471.1,417093.92,3411643.4857142856,2332882.4623333337
2024-07-06,650231.41,5,7,3,10445843.510000002,10563451.86,567108.28,1995469.1357142855,2335653.2333333334
2024-07-07,682614.09,6,7,3,650231.41,594357.92,791063.78,2008077.16,2332038.2436666666
2024-07-08,901549.54,0,7,3,682614.09,884975.83,731863.6699999999,2010444.8328571427,2337694.439333333
2024-07-09,249350.26,1,7,3,901549.54,584701.34,745048.92,1962537.5357142857,2321171.1506666667
2024-07-10,691625.3,2,7,3,249350.26,404942.36,720842.48,2003492.2414285713,2320197.2446666667
2024-07-11,617645.62,3,7,3,691625.3,403231.58,10678631.200000001,2034122.8185714285,1984831.0586666667
2024-07-12,682732.86,4,7,3,617645.62,10445843.510000002,10622382.77,639392.7257142855,1653509.395
2024-07-13,713158.53,5,7,3,682732.86,650231.41,628477.2000000001,648382.3142857141,1656332.1060000001
2024-07-14,879829.65,6,7,3,713158.53,682614.09,876741.73,676555.9657142854,1656435.0366666666
2024-07-15,537126.7,0,7,3,879829.65,901549.54,805495.24,624495.5599999997,1647489.4186666666
2024-07-16,714633.87,1,7,3,537126.7,249350.26,432223.01,690964.647142857,1656903.114
2024-07-17,20908323.62,2,7,3,714633.87,691625.3,568861.55,3579064.4071428566,2334885.183
2024-07-18,634693.74,3,7,3,20908323.62,617645.62,630423.8,3581499.852857142,2335027.5143333334
2024-07-19,586725.03,4,7,3,634693.74,682732.86,533835.0700000001,3567784.448571428,2336790.513
2024-07-20,786514.53,5,7,3,586725.03,713158.53,503177.39999999997,3578263.877142857,2346235.0840000003
2024-07-21,676683.0,6,7,3,786514.53,879829.65,767549.3099999999,3549242.927142857,2343206.2070000004
2024-07-22,446231.68,0,7,3,676683.0,537126.7,705744.31,3536257.924285714,2334555.786
2024-07-23,476386.99,1,7,3,446231.68,714633.87,924924.81,3502222.655714285,2319604.5253333333
2024-07-24,497896.72,2,7,3,476386.99,20908323.62,11069659.360000001,586447.3842857138,1967212.4373333333
2024-07-25,10604100.99,3,7,3,497896.72,634693.74,660557.72,2010648.4199999997,2298663.8796666665
2024-07-26,713612.67,4,7,3,10604100.99,586725.03,656264.92,2028775.225714285,2300575.4713333333
2024-07-27,735695.14,5,7,3,713612.67,786514.53,522621.83999999997,2021515.3128571422,2307677.9146666666
2024-07-28,10678956.280000001,6,7,3,735695.14,676683.0,961471.1,3450411.4957142854,2631594.0873333337
2024-07-29,1272630.3,0,7,3,10678956.280000001,446231.68,10563451.86,3568468.441428571,2321900.0353333335
2024-07-30,607882.47,1,7,3,1272630.3,476386.99,594357.92,3587253.5100000002,2322350.8536666664
2024-07-31,738846.09,2,7,3,607882.47,497896.72,884975.83,3621674.848571428,2317479.8623333336
2024-08-01,576578.41,3,8,3,738846.09,10604100.99,584701.34,2189171.6228571422,2317209.0979999998
2024-08-02,615597.9,4,8,3,576578.41,713612.67,404942.36,2175169.5128571424,2324230.9493333334
2024-08-03,630136.75,5,8,3,615597.9,735695.14,403231.58,2160089.7428571424,2331794.455
2024-08-04,11016050.55,6,8,3,630136.75,10678956.280000001,10445843.510000002,2208246.0671428563,2350801.356333333
2024-08-05,765989.1699999999,0,8,3,11016050.55,1272630.3,650231.41,2135868.762857142,2354659.9483333332
2024-08-06,503290.25,1,8,3,765989.1699999999,607882.47,682614.09,2120927.0171428565,2348682.487
2024-08-07,690439.7,2,8,3,503290.25,738846.09,901549.54,2114011.818571428,2341645.4923333335
2024-08-08,595297.83,3,8,3,690439.7,576578.41,249350.26,2116686.0214285706,2353177.078
2024-08-09,843526.83,4,8,3,595297.83,615597.9,691625.3,2149247.2971428563,2358240.4623333337
2024-08-10,469042.9,5,8,3,843526.83,630136.75,617645.62,2126233.889999999,2353287.0383333336
2024-08-11,10764503.93,6,8,3,469042.9,11016050.55,682732.86,2090298.6585714277,2689346.074
2024-08-12,828329.8,0,8,3,10764503.93,765989.1699999999,713158.53,2099204.462857142,2693185.1163333333
2024-08-13,801359.81,1,8,3,828329.8,503290.25,879829.65,2141785.8285714276,2690569.455
2024-08-14,466951.11,2,8,3,801359.81,690439.7,537126.7,2109858.8871428566,2688230.268666667
2024-08-15,837446.78,3,8,3,466951.11,595297.83,714633.87,2144451.5942857135,2692324.0323333335
2024-08-16,10498655.430000002,4,8,3,837446.78,843526.83,20908323.62,3523755.6799999997,2345335.0926666665
2024-08-17,407718.57999999996,5,8,3,10498655.430000002,469042.9,634693.74,3514995.062857142,2337769.254
2024-08-18,1324917.6,6,8,3,407718.57999999996,10764503.93,586725.03,2166482.7299999995,2362375.6730000004
2024-08-19,637271.55,0,8,3,1324917.6,828329.8,786514.53,2139188.6942857136,2357400.907
2024-08-20,10698309.06,1,8,3,637271.55,801359.81,676683.0,3553038.5871428573,2691455.109
2024-08-21,590628.74,2,8,3,10698309.06,466951.11,446231.68,3570706.82,2696268.3443333334
2024-08-22,402522.07,3,8,3,590628.74,837446.78,476386.99,3508574.718571428,2693806.1803333336
2024-08-23,818758.26,4,8,3,402522.07,10498655.430000002,497896.72,2125732.265714285,2704501.565
2024-08-24,814391.11,5,8,3,818758.26,407718.57999999996,10604100.99,2183828.341428571,2378177.9023333336
2024-08-25,695625.4299999999,6,8,3,814391.11,1324917.6,713612.67,2093929.4599999993,2377578.3276666673
2024-08-26,705109.89,0,8,3,695625.4299999999,637271.55,735695.14,2103620.6514285705,2376558.819333334
2024-08-27,1387765.3599999999,1,8,3,705109.89,10698309.06,10678956.280000001,773542.9799999992,2066852.4553333335
2024-08-28,816403.74,2,8,3,1387765.3599999999,590628.74,1272630.3,805796.5514285705,2051644.9033333333
2024-08-29,1047958.92,3,8,3,816403.74,402522.07,607882.47,898001.8157142849,2066314.1183333334
2024-08-30,465079.79000000004,4,8,3,1047958.92,818758.26,738846.09,847476.3199999991,2057188.575
2024-08-31,664463.46,5,8,3,465079.79000000004,814391.11,576578.41,826058.0842857135,2060118.076666667
2024-09-01,537807.65,6,9,3,664463.46,695625.4299999999,615597.9,803512.6871428563,2057525.0683333331
2024-09-02,394025.63,0,9,3,537807.65,705109.89,630136.75,759072.0785714277,2049654.6976666667
2024-09-03,352727.72000000003,1,9,3,394025.63,1387765.3599999999,11016050.55,611209.5585714278,1694210.6033333333
2024-09-04,10484862.48,2,9,3,352727.72000000003,816403.74,765989.1699999999,1992417.9499999993,2018173.0469999998
2024-09-05,560124.76,3,9,3,10484862.48,1047958.92,503290.25,1922727.355714285,2020067.5306666668
2024-09-06,801991.25,4,9,3,560124.76,465079.79000000004,690439.7,1970857.5642857137,2023785.9156666668
2024-09-07,708250.23,5,9,3,801991.25,664463.46,595297.83,1977112.8171428565,2027550.9956666667
2024-09-08,529153.03,6,9,3,708250.23,537807.65,843526.83,1975876.442857142,2017071.869
2024-09-09,560007.53,0,9,3,529153.03,394025.63,469042.9,1999588.1428571423,2020104.0233333334
2024-09-10,828784.8,1,9,3,560007.53,352727.72000000003,10764503.93,2067596.2971428563,1688913.3856666668
2024-09-11,1157842.8800000001,2,9,3,828784.8,10484862.48,828329.8,735164.925714285,1699897.1550000003
2024-09-12,972977.08,3,9,3,1157842.8800000001,560124.76,801359.81,794143.8285714278,1705617.7306666668
2024-09-13,693688.77,4,9,3,972977.08,801991.25,466951.11,778672.045714285,1713175.6526666668
2024-09-14,10763535.19,5,9,3,693688.77,708250.23,837446.78,2215141.325714285,2044045.2663333334
2024-09-15,10875864.69,6,9,3,10763535.19,529153.03,10498655.430000002,3693242.9914285704,2056618.9083333334
2024-09-16,410740.28,0,9,3,10875864.69,560007.53,407718.57999999996,3671919.0985714276,2056719.6316666668
2024-09-17,816691.61,1,9,3,410740.28,828784.8,1324917.6,3670191.499999999,2039778.7653333333
2024-09-18,950789.54,2,9,3,816691.61,1157842.8800000001,637271.55,3640612.4514285703,2050229.3649999998
2024-09-19,311913.46,3,9,3,950789.54,972977.08,10698309.06,3546174.7914285706,1704016.1783333335
2024-09-20,776859.84,4,9,3,311913.46,693688.77,590628.74,3558056.372857142,1710223.8816666668
2024-09-21,669763.51,5,9,3,776859.84,10763535.19,402522.07,2116088.9899999993,1719131.9296666668
2024-09-22,908115.17,6,9,3,669763.51,10875864.69,818758.26,692124.772857142,1722110.4933333334
2024-09-23,867217.78,0,9,3,908115.17,410740.28,814391.11,757335.8442857135,1723871.3823333334
2024-09-24,751712.9400000001,1,9,3,867217.78,816691.61,695625.4299999999,748053.1771428564,1725740.9659999998
2024-09-25,859991.16,2,9,3,751712.9400000001,950789.54,705109.89,735081.9799999993,1730903.675
2024-09-26,10839345.56,3,9,3,859991.16,311913.46,1387765.3599999999,2239000.8514285707,2045956.3483333332
2024-09-27,625679.36,4,9,3,10839345.56,776859.84,816403.74,2217403.639999999,2039598.869
2024-09-28,1172035.53,5,9,3,625679.36,669763.51,1047958.92,2289156.785714285,2043734.756
2024-09-29,486157.07,6,9,3,1172035.53,908115.17,465079.79000000004,2228877.0571428565,2044437.332
2024-09-30,420493.59,0,9,3,486157.07,867217.78,664463.46,2165059.3157142852,2036305.003
2024-10-01,796491.21,1,10,4,420493.59,751712.9400000001,537807.65,2171456.2114285706,2044927.7883333336
2024-10-02,604188.22,2,10,4,796491.21,859991.16,394025.63,2134912.934285714,2051933.208
2024-10-03,702770.84,3,10,4,604188.22,10839345.56,352727.72000000003,686830.8314285707,2063601.312
2024-10-04,984567.24,4,10,4,702770.84,625679.36,10484862.48,738100.5285714278,1746924.804
2024-10-05,906285.49,5,10,4,984567.24,1172035.53,560124.76,700136.2371428563,1758463.495
2024-10-06,750539.35,6,10,4,906285.49,486157.07,801991.25,737905.1342857134,1756748.4316666664
2024-10-07,1077994.19,0,10,4,750539.35,420493.59,708250.23,831833.7914285705,1769073.2303333334
2024-10-08,454381.43999999994,1,10,4,1077994.19,796491.21,529153.03,782960.9671428563,1766580.844
2024-10-09,1205926.77,2,10,4,454381.43999999994,604188.22,560007.53,868923.6171428564,1788111.4853333335
2024-10-10,707376.95,3,10,4,1205926.77,702770.84,828784.8,869581.632857142,1784064.557
2024-10-11,923993.9199999999,4,10,4,707376.95,984567.24,1157842.8800000001,860928.3014285705,1776269.5916666666
2024-10-12,514731.64,5,10,4,923993.9199999999,906285.49,972977.08,804992.0371428563,1760994.7436666668
2024-10-13,601274.27,6,10,4,514731.64,750539.35,693688.77,783668.4542857135,1757914.2603333332
2024-10-14,666729.08,0,10,4,601274.27,1077994.19,10763535.19,724916.295714285,1421354.0566666669
2024-10-15,474872.54000000004,1,10,4,666729.08,454381.43999999994,10875864.69,727843.5957142849,1074654.3183333336
2024-10-16,526522.11,2,10,4,474872.54000000004,1205926.77,410740.28,630785.7871428563,1078513.7126666668
2024-10-17,992145.09,3,10,4,526522.11,707376.95,816691.61,671466.9499999991,1084362.162
2024-10-18,804999.1699999999,4,10,4,992145.09,923993.9199999999,950789.54,654467.6999999991,1079502.483
2024-10-19,946610.34,5,10,4,804999.1699999999,514731.64,311913.46,716164.6571428563,1100659.0456666667
2024-10-20,988043.5599999999,6,10,4,946610.34,601274.27,776859.84,771417.412857142,1107698.503
2024-10-21,621384.5,0,10,4,988043.5599999999,666729.08,669763.51,764939.6157142849,1106085.8693333333
2024-10-22,435121.22000000003,1,10,4,621384.5,474872.54000000004,908115.17,759260.8557142848,1090319.4043333335
2024-10-23,327299.36,2,10,4,435121.22000000003,526522.11,867217.78,730800.4628571421,1072322.1236666667
2024-10-24,797667.98,3,10,4,327299.36,992145.09,751712.9400000001,703018.0185714278,1073853.9583333333
2024-10-25,10903992.26,4,10,4,797667.98,804999.1699999999,859991.16,2145731.3171428563,1408653.995
2024-10-26,881604.61,5,10,4,10903992.26,946610.34,10839345.56,2136444.7842857135,1076729.2966666666
2024-10-27,541158.99,6,10,4,881604.61,988043.5599999999,625679.36,2072604.1314285703,1073911.951
2024-10-28,714651.57,0,10,4,541158.99,621384.5,1172035.53,2085927.9985714275,1058665.819
2024-10-29,364841.56,1,10,4,714651.57,435121.22000000003,486157.07,2075888.047142856,1054621.9686666667
2024-10-30,865064.8099999999,2,10,4,364841.56,327299.36,420493.59,2152711.682857142,1069441.0093333335
2024-10-31,1171682.9,3,10,4,865064.8099999999,797667.98,796491.21,2206142.3857142846,1081947.399
2024-11-01,207143.05,4,11,4,1171682.9,10903992.26,604188.22,678021.0699999988,1068712.56
2024-11-02,10536642.77,5,11,4,207143.05,881604.61,702770.84,2057312.2357142845,1396508.2910000002
2024-11-03,369043.45,6,11,4,10536642.77,541158.99,984567.24,2032724.30142857,1375990.8313333332
2024-11-04,538336.24,0,11,4,369043.45,714651.57,906285.49,2007536.3971428557,1363725.8563333333
2024-11-05,20593637.200000003,1,11,4,538336.24,364841.56,750539.35,4897364.345714285,2025162.4513333335
2024-11-06,10664934.5,2,11,4,20593637.200000003,865064.8099999999,1077994.19,6297345.729999999,2344727.128333333
2024-11-07,665335.82,3,11,4,10664934.5,1171682.9,454381.43999999994,6225010.432857142,2351758.941
2024-11-08,544999.03,4,11,4,665335.82,207143.05,1205926.77,6273275.572857142,2329728.0163333337
2024-11-09,754296.39,5,11,4,544999.03,10536642.77,707376.95,4875797.518571428,2331291.9976666667
2024-11-10,833729.52,6,11,4,754296.39,369043.45,923993.9199999999,4942181.242857142,2328283.1843333333
2024-11-11,480496.39999999997,0,11,4,833729.52,538336.24,514731.64,4933918.408571428,2327142.009666667
2024-11-12,804920.53,1,11,4,480496.39999999997,20593637.200000003,601274.27,2106958.884285713,2333930.2183333337
2024-11-13,593945.89,2,11,4,804920.53,10664934.5,666729.08,668246.2257142847,2331504.1120000007
2024-11-14,514494.68,3,11,4,593945.89,665335.82,474872.54000000004,646697.4914285705,2332824.85
2024-11-15,499727.74,4,11,4,514494.68,544999.03,526522.11,640230.1642857131,2331931.7043333333
2024-11-16,10509492.38,5,11,4,499727.74,754296.39,992145.09,2033829.5914285704,2649176.614
2024-11-17,714613.38,6,11,4,10509492.38,833729.52,804999.1699999999,2016812.9999999993,2646163.754333333
2024-11-18,1296521.92,0,11,4,714613.38,480496.39999999997,946610.34,2133388.074285713,2657827.473666667
2024-11-19,451178.29,1,11,4,1296521.92,804920.53,988043.5599999999,2082853.4685714275,2639931.964666667
2024-11-20,10567732.879999999,2,11,4,451178.29,593945.89,621384.5,3507680.1814285703,2971476.910666667
2024-11-21,1010699.72,3,11,4,10567732.879999999,514494.68,435121.22000000003,3578566.6157142846,2990662.860666667
2024-11-22,722641.3099999999,4,11,4,1010699.72,499727.74,327299.36,3610411.4114285703,3003840.925666667
2024-11-23,601372.11,5,11,4,722641.3099999999,10509492.38,797667.98,2194965.658571427,2997297.73
2024-11-24,599209.29,6,11,4,601372.11,714613.38,10903992.26,2178479.3599999985,2653804.964333333
2024-11-25,809940.14,0,11,4,599209.29,1296521.92,881604.61,2108967.6771428557,2651416.1486666664
2024-11-26,310652.48,1,11,4,809940.14,451178.29,541158.99,2088892.5614285704,2643732.5983333336
2024-11-27,860873.25,2,11,4,310652.48,10567732.879999999,714651.57,702198.3285714275,2648606.654333333
2024-11-28,465978.74,3,11,4,860873.25,1010699.72,364841.56,624381.0457142846,2651977.893666667
2024-11-29,743252.14,4,11,4,465978.74,722641.3099999999,865064.8099999999,627325.449999999,2647917.4713333333
2024-11-30,628845.53,5,11,4,743252.14,601372.11,1171682.9,631250.2242857133,2629822.8923333334
2024-12-01,922136.23,6,12,4,628845.53,599209.29,207143.05,677382.6442857132,2653655.9983333335
2024-12-02,864052.12,0,12,4,922136.23,809940.14,10536642.77,685112.9271428561,2331236.3100000005
2024-12-03,475784.41000000003,1,12,4,864052.12,310652.48,369043.45,708703.2028571417,2334794.342
2024-12-04,507227.33,2,12,4,475784.41000000003,860873.25,538336.24,658182.3571428561,2333757.3783333334
2024-12-05,660639.97,3,12,4,507227.33,465978.74,20593637.200000003,685991.1042857133,1669324.1373333333
2024-12-06,233316.41,4,12,4,660639.97,743252.14,10664934.5,613143.1428571418,1321603.5343333334
2024-12-07,625478.31,5,12,4,233316.41,628845.53,665335.82,612662.1114285704,1320274.9506666665
2024-12-08,579365.88,6,12,4,625478.31,922136.23,544999.03,563694.9185714276,1321420.5123333333
2024-12-09,320945.71,0,12,4,579365.88,864052.12,754296.39,486108.2885714275,1306975.4896666666
2024-12-10,10646025.95,1,12,4,320945.71,475784.41000000003,833729.52,1938999.937142856,1634052.0373333334
2024-12-11,860002.19,2,12,4,10646025.95,507227.33,480496.39999999997,1989396.3457142843,1646702.2303333334
2024-12-12,853075.14,3,12,4,860002.19,660639.97,804920.53,2016887.084285713,1648307.384
2024-12-13,418968.5,4,12,4,853075.14,233316.41,593945.89,2043408.81142857,1642474.8043333334
2024-12-14,391362.64,5,12,4,418968.5,625478.31,514494.68,2009963.7157142847,1638370.4030000002
2024-12-15,428541.65,6,12,4,391362.64,579365.88,499727.74,1988417.3971428557,1635997.5333333334
2024-12-16,662327.43,0,12,4,428541.65,320945.71,10509492.38,2037186.214285713,1307758.7016666667
2024-12-17,543810.1799999999,1,12,4,662327.43,10646025.95,714613.38,594012.5328571416,1302065.2616666667
2024-12-18,850933.22,2,12,4,543810.1799999999,860002.19,1296521.92,592716.9657142843,1287212.305
2024-12-19,369576.33999999997,3,12,4,850933.22,853075.14,451178.29,523645.7085714272,1284492.24
2024-12-20,630008.98,4,12,4,369576.33999999997,418968.5,10567732.879999999,553794.3485714273,953234.7766666666
2024-12-21,547983.23,5,12,4,630008.98,391362.64,1010699.72,576168.7185714272,937810.8936666666
2024-12-22,341081.29000000004,6,12,4,547983.23,428541.65,722641.3099999999,563674.3814285701,925092.2263333333
2024-12-23,1079542.48,0,12,4,341081.29000000004,662327.43,601372.11,623276.5314285702,941031.2386666667
2024-12-24,759546.79,1,12,4,1079542.48,543810.1799999999,599209.29,654096.0471428558,946375.8219999999
2024-12-25,448947.33,2,12,4,759546.79,850933.22,809940.14,596669.4914285701,934342.7283333334
2024-12-26,604552.63,3,12,4,448947.33,369576.33999999997,310652.48,630237.5328571416,944139.4
2024-12-27,613841.18,4,12,4,604552.63,630008.98,860873.25,627927.8471428558,935904.9976666666
2024-12-28,664394.02,5,12,4,613841.18,547983.23,465978.74,644557.9599999987,942518.8403333332
2024-12-29,563009.5,6,12,4,664394.02,341081.29000000004,743252.14,676261.9899999986,936510.7523333333
2024-12-30,676793.21,0,12,4,563009.5,1079542.48,628845.53,618726.3799999987,938109.0083333333
2024-12-31,1044717.66,1,12,4,676793.21,759546.79,922136.23,659465.0757142844,942195.056
2025-01-01,410358.03,2,1,1,1044717.66,448947.33,864052.12,653952.3185714273,927071.9196666667
2025-01-02,558805.01,3,1,1,410358.03,604552.63,475784.41000000003,647416.944285713,929839.2729999999
2025-01-03,899241.64,4,1,1,558805.01,613841.18,507227.33,688188.4385714273,942906.4166666666
2025-01-04,10506388.87,5,1,1,899241.64,664394.02,660639.97,2094187.7028571416,1271098.0466666666
2025-01-05,803294.1799999999,6,1,1,10506388.87,563009.5,233316.41,2128514.0857142843,1290097.3056666667
2025-01-06,632262.48,0,1,1,803294.1799999999,676793.21,625478.31,2122152.5528571415,1290323.4446666664
2025-01-07,616730.8,1,1,1,632262.48,1044717.66,579365.88,2061011.5728571415,1291568.942
2025-01-08,917322.46,2,1,1,616730.8,410358.03,320945.71,2133435.0628571413,1311448.1669999997
2025-01-09,714035.41,3,1,1,917322.46,558805.01,10646025.95,2155610.834285713,980381.8156666666
2025-01-10,996076.71,4,1,1,714035.41,899241.64,860002.19,2169444.415714284,984917.6329999999
2025-01-11,981641.3,5,1,1,996076.71,10506388.87,853075.14,808766.1914285701,989203.1716666667
2025-01-12,747794.28,6,1,1,981641.3,803294.1799999999,418968.5,800837.634285713,1000164.031
2025-01-13,603231.09,0,1,1,747794.28,632262.48,391362.64,796690.2928571415,1007226.3126666666
2025-01-14,697539.45,1,1,1,603231.09,616730.8,428541.65,808234.3857142844,1016192.9059999998
2025-01-15,544169.13,2,1,1,697539.45,917322.46,662327.43,754926.7671428558,1012254.296
2025-01-16,894186.29,3,1,1,544169.13,714035.41,543810.1799999999,780662.6071428558,1023933.4996666666
2025-01-17,689347.5,4,1,1,894186.29,996076.71,850933.22,736844.1485714272,1018547.309
2025-01-18,712772.78,5,1,1,689347.5,981641.3,369576.33999999997,698434.3599999987,1029987.1903333333
2025-01-19,726689.89,6,1,1,712772.78,747794.28,630008.98,695419.4471428558,1033209.8873333333
2025-01-20,456916.77,0,1,1,726689.89,603231.09,547983.23,674517.4014285702,1030174.3386666666
2025-01-21,660216.37,1,1,1,456916.77,697539.45,341081.29000000004,669185.5328571415,1040812.1746666667
2025-01-22,709311.4,2,1,1,660216.37,544169.13,1079542.48,692777.2857142844,1028471.1386666667
2025-01-23,11133615.74,3,1,1,709311.4,894186.29,759546.79,2155552.92142857,1374273.437
2025-01-24,515810.18,4,1,1,11133615.74,689347.5,448947.33,2130761.8757142844,1376502.1986666666
2025-01-25,462514.36,5,1,1,515810.18,712772.78,604552.63,2095010.6728571414,1371767.5896666667
2025-01-26,10759593.530000001,6,1,1,462514.36,726689.89,613841.18,3528282.6214285702,1709959.3346666666
2025-01-27,10270610.52,0,1,1,10759593.530000001,456916.77,664394.02,4930238.871428571,2030166.5513333331
2025-01-28,1017995.18,1,1,1,10270610.52,660216.37,563009.5,4981350.13,2045332.7406666665
2025-01-29,379276.41000000003,2,1,1,1017995.18,709311.4,676793.21,4934202.274285712,2035415.5139999997
2025-01-30,989664.6799999999,3,1,1,379276.41000000003,11133615.74,1044717.66,3485066.4085714268,2033580.4146666666
2025-01-31,338741.86,4,1,1,989664.6799999999,515810.18,410358.03,3459770.9342857124,2031193.2089999998
2025-02-01,545977.28,5,2,1,338741.86,462514.36,558805.01,3471694.208571427,2030765.618
2025-02-02,542141.4,6,2,1,545977.28,10759593.530000001,899241.64,2012058.1899999983,2018862.2766666666
2025-02-03,843400.76,0,2,1,542141.4,10270610.52,10506388.87,665313.938571427,1696762.673
2025-02-04,772778.75,1,2,1,843400.76,1017995.18,803294.1799999999,630283.0199999984,1695745.4919999999
2025-02-05,308857.39,2,2,1,772778.75,379276.41000000003,632262.48,620223.1599999984,1684965.322333333
2025-02-06,552660.37,3,2,1,308857.39,989664.6799999999,616730.8,557793.9728571413,1682829.6413333334
2025-02-07,606934.65,4,2,1,552660.37,338741.86,917322.46,596107.2285714269,1672483.381
2025-02-08,1363932.19,5,2,1,606934.65,545977.28,714035.41,712957.9299999984,1694146.607
2025-02-09,470088.3,6,2,1,1363932.19,542141.4,996076.71,702664.6299999983,1676613.6600000001
2025-02-10,860331.76,0,2,1,470088.3,843400.76,981641.3,705083.3442857127,1672570.0086666667
2025-02-11,10431791.08,1,2,1,860331.76,772778.75,747794.28,2084942.248571427,1995369.9019999998
2025-02-12,775095.43,2,2,1,10431791.08,308857.39,603231.09,2151547.6828571414,2001098.7133333334
2025-02-13,292536.56,3,2,1,775095.43,552660.37,697539.45,2114387.138571427,1987598.6169999999
2025-02-14,437164.5,4,2,1,292536.56,606934.65,544169.13,2090134.2599999984,1984031.796
2025-02-15,380944.47,5,2,1,437164.5,1363932.19,894186.29,1949707.4428571414,1966923.7353333335
2025-02-16,828237.66,6,2,1,380944.47,470088.3,689347.5,2000871.6371428557,1971553.4073333335
2025-02-17,572122.34,0,2,1,828237.66,860331.76,712772.78,1959698.8628571413,1966865.0593333333
2025-02-18,803741.24,1,2,1,572122.34,10431791.08,726689.89,584263.1714285698,1969433.4376666667
2025-02-19,908050.11,2,2,1,803741.24,775095.43,456916.77,603256.6971428555,1984471.2156666666
2025-02-20,558018.83,3,2,1,908050.11,292536.56,660216.37,641182.735714284,1981064.631
2025-02-21,723787.5,4,2,1,558018.83,437164.5,709311.4,682128.8785714268,1981547.1676666667
2025-02-22,837040.84,5,2,1,723787.5,380944.47,11133615.74,747285.5028571412,1638328.0043333333
2025-02-23,603997.02,6,2,1,837040.84,828237.66,515810.18,715251.1257142841,1641267.5656666667
2025-02-24,888079.79,0,2,1,603997.02,572122.34,462514.36,760387.9042857127,1655453.0799999998
2025-02-25,702922.73,1,2,1,888079.79,803741.24,10759593.530000001,745985.2599999985,1320230.72
2025-02-26,352618.85,2,2,1,702922.73,908050.11,10270610.52,666637.9371428556,989630.9976666666
2025-02-27,670827.88,3,2,1,352618.85,558018.83,1017995.18,682753.515714284,978058.7543333335
2025-02-28,10466220.84,4,2,1,670827.88,723787.5,379276.41000000003,2074529.7071428555,1314290.2353333335
2025-03-01,760469.74,5,3,1,10466220.84,837040.84,989664.6799999999,2063590.9785714268,1306650.4039999999
2025-03-02,703102.45,6,3,1,760469.74,603997.02,338741.86,2077748.8971428555,1318795.757
2025-03-03,489909.67,0,3,1,703102.45,888079.79,545977.28,2020867.4514285696,1316926.8366666667
2025-03-04,751537.57,1,3,1,489909.67,702922.73,542141.4,2027812.428571427,1323906.709
2025-03-05,10740017.76,2,3,1,751537.57,352618.85,843400.76,3511726.558571427,1653793.9423333334
2025-03-06,737498.29,3,3,1,10740017.76,670827.88,772778.75,3521250.902857141,1652617.9270000001
2025-03-07,565898.72,4,3,1,737498.29,10466220.84,308857.39,2106919.1714285696,1661185.9713333333
2025-03-08,815222.77,5,3,1,565898.72,760469.74,552660.37,2114741.032857141,1669938.0513333334
2025-03-09,877851.58,6,3,1,815222.77,703102.45,606934.65,2139705.1942857127,1678968.6156666665
2025-03-10,602980.42,0,3,1,877851.58,489909.67,1363932.19,2155858.1585714268,1653603.5566666669
2025-03-11,430787.42,1,3,1,602980.42,751537.57,470088.3,2110036.708571427,1652293.5273333334
2025-03-12,329844.4,2,3,1,430787.42,10740017.76,860331.76,622869.0857142841,1634610.6153333334
2025-03-13,529526.8200000001,3,3,1,329844.4,737498.29,10431791.08,593158.8757142841,1304535.1400000001
2025-03-14,864627.8,4,3,1,529526.8200000001,565898.72,775095.43,635834.4585714272,1307519.5523333333
2025-03-15,10774760.860000001,5,3,1,864627.8,815222.77,292536.56,2058625.6142857128,1656927.029
2025-03-16,911647.37,6,3,1,10774760.860000001,877851.58,437164.5,2063453.584285713,1672743.1246666668
2025-03-17,1112459.89,0,3,1,911647.37,602980.42,380944.47,2136236.3657142846,1697126.972
2025-03-18,10542229.879999999,1,3,1,1112459.89,430787.42,828237.66,3580728.145714284,2020926.7126666666
2025-03-19,287546.1,2,3,1,10542229.879999999,329844.4,572122.34,3574685.5314285704,2011440.838
2025-03-20,562324.73,3,3,1,287546.1,529526.8200000001,803741.24,3579370.9471428557,2003393.6209999998
2025-03-21,724979.89,4,3,1,562324.73,864627.8,908050.11,3559421.2457142845,1997291.2803333332
2025-03-22,898078.62,5,3,1,724979.89,10774760.860000001,558018.83,2148466.6399999983,2008626.6066666667
2025-03-23,700898.46,6,3,1,898078.62,911647.37,723787.5,2118359.6528571416,2007863.6386666668
2025-03-24,715448.36,0,3,1,700898.46,1112459.89,837040.84,2061643.7199999986,2003810.556
2025-03-25,10566484.540000001,1,3,1,715448.36,10542229.879999999,603997.02,2065108.6714285703,2335893.4733333336
2025-03-26,408810.58999999997,2,3,1,10566484.540000001,287546.1,888079.79,2082432.1699999988,2319917.8333333335
2025-03-27,701105.52,3,3,1,408810.58999999997,562324.73,702922.73,2102257.997142856,2319857.259666667
2025-03-28,840377.4,4,3,1,701105.52,724979.89,352618.85,2118743.3557142843,2336115.878
2025-03-29,822410.11,5,3,1,840377.4,898078.62,670827.88,2107933.5685714274,2341168.6190000004
2025-03-30,549545.84,6,3,1,822410.11,700898.46,10466220.84,2086311.7657142845,2010612.7856666667
2025-03-31,853251.95,0,3,1,549545.84,715448.36,760469.74,2105997.992857142,2013705.526
2025-04-01,562443.55,1,4,2,853251.95,10566484.540000001,703102.45,676849.2799999986,2009016.8960000002
2025-04-02,400402.38,2,4,2,562443.55,408810.58999999997,489909.67,675648.1071428558,2006033.3196666667
2025-04-03,684279.4,3,4,2,400402.38,701105.52,751537.57,673244.3757142844,2003791.3806666667
2025-04-04,983521.95,4,4,2,684279.4,840377.4,10740017.76,693693.5971428558,1678574.8536666667
2025-04-05,550704.15,5,4,2,983521.95,822410.11,737498.29,654878.4599999987,1672348.3823333336
2025-04-06,590331.65,6,4,2,550704.15,549545.84,565898.72,660705.004285713,1673162.8133333335
2025-04-07,944501.65,0,4,2,590331.65,853251.95,815222.77,673740.6757142843,1677472.1093333333
2025-04-08,870075.0,1,4,2,944501.65,562443.55,877851.58,717688.0257142844,1677212.8900000001
2025-04-09,428840.5,2,4,2,870075.0,400402.38,602980.42,721750.614285713,1671408.226
2025-04-10,895486.06,3,4,2,428840.5,684279.4,430787.42,751922.994285713,1686898.1806666667
2025-04-11,649032.6699999999,4,4,2,895486.06,983521.95,329844.4,704138.8114285701,1697537.7896666666
2025-04-12,1319124.87,5,4,2,649032.6699999999,550704.15,529526.8200000001,813913.1999999987,1723857.7246666667
2025-04-13,868595.76,6,4,2,1319124.87,590331.65,864627.8,853665.2157142843,1723989.99
2025-04-14,752286.35,0,4,2,868595.76,944501.65,10774760.860000001,826205.8871428559,1389907.5063333334
2025-04-15,434369.12,1,4,2,752286.35,870075.0,911647.37,763962.1899999987,1373998.2313333333
2025-04-16,512005.0,2,4,2,434369.12,428840.5,1112459.89,775842.8328571415,1353983.0683333331
2025-04-17,791949.4,3,4,2,512005.0,895486.06,10542229.879999999,761051.8814285701,1028973.7190000002
2025-04-18,10816972.88,4,4,2,791949.4,649032.6699999999,287546.1,2213614.7685714276,1379954.6116666668
2025-04-19,562740.49,5,4,2,10816972.88,1319124.87,562324.73,2105559.857142856,1379968.4703333336
2025-04-20,10562816.91,6,4,2,562740.49,868595.76,724979.89,3490448.5928571415,1707896.3710000003
2025-04-21,548994.08,0,4,2,10562816.91,752286.35,898078.62,3461406.839999999,1696260.2196666668
2025-04-22,633901.88,1,4,2,548994.08,434369.12,700898.46,3489911.519999999,1694027.0003333332
2025-04-23,582161.7999999999,2,4,2,633901.88,512005.0,715448.36,3499933.919999999,1689584.115
2025-04-24,389811.02,3,4,2,582161.7999999999,791949.4,10566484.540000001,3442485.5799999987,1350361.6643333333
2025-04-25,448513.63,4,4,2,389811.02,10816972.88,408810.58999999997,1961277.1157142844,1351685.099
2025-04-26,10497654.51,5,4,2,448513.63,562740.49,701105.52,3380550.547142856,1678236.732
2025-04-27,731222.46,6,4,2,10497654.51,10562816.91,840377.4,1976037.054285713,1674598.2340000002
2025-04-28,349540.92,0,4,2,731222.46,548994.08,822410.11,1947543.7457142845,1658835.927666667
2025-04-29,697140.35,1,4,2,349540.92,633901.88,549545.84,1956577.8128571417,1663755.7446666667
2025-04-30,777091.94,2,4,2,697140.35,582161.7999999999,853251.95,1984424.9757142845,1661217.0776666668
2025-05-01,438600.82999999996,3,5,2,777091.94,389811.02,562443.55,1991394.9485714273,1657088.987
2025-05-02,840160.97,4,5,2,438600.82999999996,448513.63,400402.38,2047344.5685714274,1671747.6066666665
2025-05-03,10697426.22,5,5,2,840160.97,10497654.51,684279.4,2075883.384285713,2005519.1673333335
2025-05-04,727165.89,6,5,2,10697426.22,731222.46,983521.95,2075303.8742857133,1996973.9653333337
2025-05-05,293623.44,0,5,2,727165.89,349540.92,550704.15,2067315.6628571416,1988404.6083333334
2025-05-06,639773.73,1,5,2,293623.44,697140.35,590331.65,2059120.4314285703,1990052.6776666667
2025-05-07,897770.3200000001,2,5,2,639773.73,777091.94,944501.65,2076360.199999999,1988494.9666666666
2025-05-08,10568813.41,3,5,2,897770.3200000001,438600.82999999996,870075.0,3523533.4257142846,2311786.247
2025-05-09,1017423.53,4,5,2,10568813.41,840160.97,428840.5,3548856.648571428,2331405.6813333333
2025-05-10,480537.13,5,5,2,1017423.53,10697426.22,895486.06,2089301.064285713,2317574.0503333337
2025-05-11,603494.88,6,5,2,480537.13,727165.89,649032.6699999999,2071633.7771428558,2316056.124
2025-05-12,847419.34,0,5,2,603494.88,293623.44,1319124.87,2150747.477142856,2300332.6063333335
2025-05-13,728119.0499999999,1,5,2,847419.34,639773.73,868595.76,2163368.2371428558,2295650.0493333335
2025-05-14,543898.1799999999,2,5,2,728119.0499999999,897770.3200000001,752286.35,2112815.074285713,2288703.7770000007
2025-05-15,604180.22,3,5,2,543898.1799999999,10568813.41,434369.12,689296.0471428558,2294364.1470000003
2025-05-16,433207.41,4,5,2,604180.22,1017423.53,512005.0,605836.6014285701,2291737.560666667
2025-05-17,608719.76,5,5,2,433207.41,480537.13,791949.4,624148.4057142844,2285629.906
2025-05-18,897509.85,6,5,2,608719.76,603494.88,10816972.88,666150.5442857129,1954981.1383333334
2025-05-19,670546.51,0,5,2,897509.85,847419.34,562740.49,640882.9971428558,1958574.6723333334
2025-05-20,559499.49,1,5,2,670546.51,728119.0499999999,10562816.91,616794.4885714272,1625130.7583333335
2025-05-21,526641.91,2,5,2,559499.49,543898.1799999999,548994.08,614329.3071428558,1624385.686
2025-05-22,535309.97,3,5,2,526641.91,604180.22,633901.88,604490.6999999987,1621099.289
2025-05-23,805430.81,4,5,2,535309.97,433207.41,582161.7999999999,657665.4714285701,1628541.5893333333
2025-05-24,457152.14,5,5,2,805430.81,608719.76,389811.02,636012.954285713,1630786.2933333335
2025-05-25,470553.35,6,5,2,457152.14,897509.85,448513.63,575019.1685714272,1631520.9506666667
2025-05-26,557699.8,0,5,2,470553.35,670546.51,10497654.51,558898.2099999987,1300189.127
